Municípios,Estimativas Populacionais - DEE\Total\2021,Idese\2021,PIB\Total\2021 (R$ mil),PIB\Impostos\2021 (R$ mil),PIB\Indústria\2021 (R$ mil),PIB\Agropecuária\2021 (R$ mil),PIB\Serviços\Total\2021,PIB per capita\2021 (R$),COREDE,Fronteira Argentina,Fronteira Uruguai,Fronteira Santa Catarina,Litorâneo
Aceguá,4.505,"0,7692","458.224,03","23.962,72","20.614,38","269.423,34","144.223,60","91.994,39",Campanha,Não,Sim,Não,Não
Água Santa,4.256,"0,8954","547.411,66","69.778,23","24.609,42","158.098,36","294.925,65","146.445,07",Nordeste,Não,Não,Não,Não
Agudo,16.612,"0,7502","667.873,46","70.968,24","101.412,74","201.172,60","294.319,88","40.863,53",Central,Não,Não,Não,Não
Ajuricaba,7.447,"0,8355","521.058,84","40.284,39","36.130,66","247.930,52","196.713,26","74.961,71",Noroeste Colonial,Não,Não,Não,Não
Alecrim,6.403,"0,7311","162.072,24","8.649,33","4.543,09","61.909,00","86.970,81","28.383,93",Fronteira Noroeste,Sim,Não,Não,Não
Alegrete,72.085,"0,7583","3.079.871,27","215.109,10","260.841,38","1.129.604,87","1.474.315,92","42.485,08",Fronteira Oeste,Não,Não,Não,Não
Alegria,4.219,"0,7743","156.621,88","10.383,39","3.775,15","75.782,49","66.680,85","47.648,88",Fronteira Noroeste,Não,Não,Não,Não
Almirante Tamandaré do Sul,2.074,"0,8396","276.410,77","19.649,76","28.161,46","156.681,87","71.917,68","142.847,94",Produção,Não,Não,Não,Não
Alpestre,7.216,"0,7327","196.381,24","8.340,18","25.565,56","67.275,68","95.199,82","33.369,80",Médio Alto Uruguai,Não,Não,Sim,Não
Alto Alegre,1.914,"0,8101","106.140,70","4.615,09","2.952,16","62.503,02","36.070,42","66.755,15",Alto da Serra do Botucaraí,Não,Não,Não,Não
Alto Feliz,3.225,"0,8029","161.547,85","17.984,56","51.050,68","43.492,56","49.020,05","53.088,35",Vale do Caí,Não,Não,Não,Não
Alvorada,209.157,"0,5920","3.302.247,51","343.250,34","475.711,03","1.325,75","2.481.960,38","15.550,82",Metropolitano Delta do Jacuí,Não,Não,Não,Não
Amaral Ferrador,6.439,"0,6773","147.631,77","4.713,77","4.029,16","58.337,40","80.551,43","20.688,31",Sul,Não,Não,Não,Não
Ametista do Sul,7.670,"0,7184","177.770,39","18.658,86","44.189,58","25.211,05","89.710,91","24.036,02",Médio Alto Uruguai,Não,Não,Sim,Não
André da Rocha,1.244,"0,8189","193.088,91","6.348,57","5.517,45","137.604,64","43.618,25","142.922,95",Campos de Cima da Serra,Não,Não,Não,Não
Anta Gorda,6.785,"0,7915","322.291,50","35.805,27","20.625,86","130.819,88","135.040,49","54.248,70",Vale do Taquari,Não,Não,Não,Não
Antônio Prado,13.462,"0,8255","797.509,89","116.695,42","262.421,93","83.538,59","334.853,95","61.154,04",Serra,Não,Não,Não,Não
Arambaré,3.920,"0,7580","285.087,55","6.529,96","10.440,17","190.606,43","77.510,99","80.442,31",Centro-Sul,Não,Não,Não,Não
Araricá,6.189,"0,6865","236.430,29","31.565,50","91.219,99","1.257,79","112.387,01","40.484,64",Vale do Rio dos Sinos,Não,Não,Não,Não
Aratiba,6.764,"0,8581","946.969,26","17.483,90","698.597,17","113.658,62","117.229,57","154.104,03",Norte,Não,Não,Não,Não
Arroio do Meio,23.133,"0,7994","1.536.556,28","255.074,03","618.763,43","89.636,05","573.082,77","72.750,17",Vale do Taquari,Não,Não,Não,Não
Arroio do Padre,2.949,"0,6824","76.783,58","3.695,01","2.805,08","32.440,69","37.842,81","25.887,92",Sul,Não,Não,Não,Não
Arroio do Sal,10.598,"0,6943","285.576,80","23.855,48","25.137,37","3.597,41","232.986,54","27.241,90",Litoral,Não,Não,Não,Sim
Arroio dos Ratos,14.616,"0,7006","357.344,64","24.666,74","37.877,98","85.045,04","209.754,88","25.163,34",Centro-Sul,Não,Não,Não,Não
Arroio do Tigre,12.704,"0,7257","429.270,76","27.315,11","28.257,55","163.722,86","209.975,25","31.911,30",Vale do Rio Pardo,Não,Não,Não,Não
Arroio Grande,17.369,"0,7305","1.131.507,80","51.429,09","45.049,11","675.999,04","359.030,57","62.222,04",Sul,Não,Sim,Não,Não
Arvorezinha,10.547,"0,7405","336.246,33","29.782,96","35.137,09","83.483,80","187.842,49","32.263,13",Vale do Taquari,Não,Não,Não,Não
Augusto Pestana,7.490,"0,8323","504.182,80","35.747,99","22.390,12","243.198,05","202.846,64","77.033,28",Noroeste Colonial,Não,Não,Não,Não
Áurea,3.723,"0,7653","163.438,06","10.975,51","13.627,49","68.471,12","70.363,93","46.470,87",Norte,Não,Não,Não,Não
Bagé,121.321,"0,7238","3.748.408,57","375.474,97","422.683,48","398.452,25","2.551.797,87","30.846,53",Campanha,Não,Sim,Não,Não
Balneário Pinhal,13.852,"0,6244","312.090,67","22.264,36","23.357,39","26.133,46","240.335,46","21.310,39",Litoral,Não,Não,Não,Sim
Barão,6.622,"0,8278","308.101,19","50.391,63","130.019,33","39.226,04","88.464,19","49.438,57",Vale do Caí,Não,Não,Não,Não
Barão de Cotegipe,6.839,"0,7855","341.672,09","33.822,22","37.642,92","123.847,84","146.359,11","51.643,30",Norte,Não,Não,Não,Não
Barão do Triunfo,6.554,"0,6603","142.318,02","5.619,67","4.638,03","65.886,50","66.173,82","18.850,07",Centro-Sul,Não,Não,Não,Não
Barracão,5.089,"0,7613","317.083,25","14.501,01","18.379,80","185.122,16","99.080,28","60.546,74",Nordeste,Não,Não,Sim,Não
Barra do Guarita,3.489,"0,6777","56.810,68","1.945,50","2.433,82","18.573,55","33.857,80","17.394,57",Celeiro,Não,Não,Não,Não
Barra do Quaraí,4.180,"0,7455","386.180,80","14.021,78","14.221,97","263.546,13","94.390,91","91.123,36",Fronteira Oeste,Sim,Sim,Não,Não
Barra do Ribeiro,13.260,"0,6818","505.591,09","34.026,17","49.623,33","222.006,55","199.935,04","37.126,68",Centro-Sul,Não,Não,Não,Não
Barra do Rio Azul,1.778,"0,7827","80.746,95","2.165,43","1.287,95","52.725,77","24.567,80","49.813,05",Norte,Não,Não,Sim,Não
Barra Funda,2.704,"0,7789","165.028,83","20.369,18","33.653,28","38.372,68","72.633,69","64.388,93",Rio da Várzea,Não,Não,Sim,Não
Barros Cassal,10.455,"0,6617","244.512,36","11.225,79","8.187,68","103.558,46","121.540,43","21.895,98",Alto da Serra do Botucaraí,Não,Não,Sim,Não
Benjamin Constant do Sul,2.203,"0,6770","49.312,82","1.470,96","2.755,62","19.516,48","25.569,76","25.630,36",Norte,Não,Não,Sim,Não
Bento Gonçalves,130.149,"0,8092","7.498.499,27","1.205.110,63","2.456.585,21","104.329,09","3.732.474,36","60.918,83",Serra,Não,Não,Não,Não
Boa Vista das Missões,2.089,"0,7968","238.520,99","11.202,74","5.543,55","159.796,87","61.977,83","114.288,93",Rio da Várzea,Não,Não,Sim,Não
Boa Vista do Buricá,7.331,"0,8133","326.885,21","33.411,68","41.300,42","82.079,43","170.093,68","48.701,61",Fronteira Noroeste,Não,Não,Sim,Não
Boa Vista do Cadeado,2.337,"0,8429","468.750,28","19.557,67","10.627,03","331.893,71","106.671,88","190.085,27",Alto Jacuí,Não,Não,Não,Não
Boa Vista do Incra,2.504,"0,8338","384.172,44","13.427,31","9.127,73","273.985,92","87.631,48","146.184,34",Alto Jacuí,Não,Não,Não,Não
Boa Vista do Sul,3.165,"0,7941","120.126,58","16.999,43","25.929,86","32.490,39","44.706,91","43.320,08",Serra,Não,Não,Não,Não
Bom Jesus,11.695,"0,7254","613.621,69","26.512,88","47.848,83","328.272,30","210.987,69","54.447,36",Campos de Cima da Serra,Não,Não,Não,Não
Bom Princípio,14.688,"0,7837","906.593,25","183.378,71","295.438,34","35.806,59","391.969,61","62.757,39",Vale do Caí,Não,Não,Não,Não
Bom Progresso,2.396,"0,7517","86.279,32","3.716,12","3.421,12","41.336,91","37.805,17","46.436,67",Celeiro,Não,Não,Não,Não
Bom Retiro do Sul,13.344,"0,7182","403.053,65","46.503,01","123.410,28","33.550,48","199.589,89","32.378,99",Vale do Taquari,Não,Não,Não,Não
Boqueirão do Leão,7.467,"0,7091","150.393,48","5.013,64","6.637,22","69.998,43","68.744,20","19.554,48",Vale do Rio Pardo,Não,Não,Não,Não
Bossoroca,6.250,"0,7854","490.597,08","23.445,35","11.968,25","312.723,61","142.459,88","79.966,92",Missões,Não,Não,Sim,Não
Bozano,2.313,"0,8427","227.409,11","15.836,19","6.094,18","130.939,64","74.539,09","108.341,64",Noroeste Colonial,Não,Não,Não,Não
Braga,3.725,"0,7030","130.947,53","7.219,69","3.709,03","61.984,89","58.033,92","40.032,87",Celeiro,Não,Não,Não,Não
Brochier,5.349,"0,7195","117.699,85","9.467,59","13.386,97","28.095,02","66.750,26","22.934,50",Vale do Caí,Não,Não,Não,Não
Butiá,20.842,"0,6884","543.346,83","34.196,00","89.501,21","128.895,26","290.754,36","25.919,33",Centro-Sul,Não,Não,Não,Não
Caçapava do Sul,34.460,"0,7112","1.122.666,76","81.897,68","195.153,75","257.113,56","588.501,77","33.536,47",Campanha,Não,Não,Não,Não
Cacequi,12.694,"0,7588","623.085,17","21.265,59","21.460,98","367.036,59","213.322,02","50.694,42",Vale do Jaguari,Não,Não,Não,Não
Cachoeira do Sul,84.861,"0,7357","3.542.693,26","318.601,35","478.213,53","972.403,91","1.773.474,47","43.440,91",Jacuí Centro,Não,Não,Não,Não
Cachoeirinha,136.683,"0,7439","6.458.475,92","1.239.039,75","1.448.295,28","976,78","3.770.164,11","48.874,53",Metropolitano Delta do Jacuí,Não,Não,Não,Não
Cacique Doble,5.087,"0,7328","169.234,68","5.607,10","7.002,75","89.382,59","67.242,25","33.294,25",Nordeste,Não,Não,Não,Não
Caibaté,5.018,"0,7601","264.915,16","16.225,26","11.317,52","128.979,55","108.392,83","55.167,67",Missões,Não,Não,Sim,Não
Caiçara,4.886,"0,7761","152.840,41","4.504,51","6.877,00","76.574,91","64.883,99","32.805,41",Médio Alto Uruguai,Não,Não,Não,Não
Camaquã,66.321,"0,7268","2.723.661,90","266.908,29","379.940,21","652.969,67","1.423.843,73","40.843,08",Centro-Sul,Não,Não,Não,Não
Camargo,2.989,"0,8465","520.481,43","64.090,91","239.339,86","92.101,53","124.949,13","189.265,97",Produção,Não,Não,Não,Não
Cambará do Sul,6.374,"0,7066","242.576,38","18.111,39","55.578,76","54.919,50","113.966,72","38.003,51",Hortênsias,Não,Não,Não,Não
Campestre da Serra,3.247,"0,7853","204.702,05","14.412,41","17.512,92","113.110,56","59.666,16","60.171,09",Campos de Cima da Serra,Não,Não,Não,Não
Campina das Missões,6.207,"0,7716","239.168,36","11.535,08","10.526,05","118.961,48","98.145,75","44.914,25",Fronteira Noroeste,Não,Não,Não,Não
Campinas do Sul,5.855,"0,8115","399.402,41","24.342,56","15.214,26","201.010,36","158.835,24","73.663,30",Norte,Não,Não,Não,Não
Campo Bom,66.930,"0,7569","3.600.067,72","689.173,19","1.385.782,76","2.915,06","1.522.196,70","51.443,50",Vale do Rio dos Sinos,Não,Não,Não,Não
Campo Novo,5.085,"0,7635","325.738,15","45.388,39","23.095,63","103.576,60","153.677,53","76.231,72",Celeiro,Não,Não,Não,Não
Campos Borges,3.715,"0,7444","150.032,52","8.322,69","8.165,10","75.520,15","58.024,58","45.853,46",Alto da Serra do Botucaraí,Não,Não,Não,Não
Candelária,30.186,"0,6882","1.078.185,51","93.729,57","179.060,56","291.983,35","513.412,03","34.255,30",Vale do Rio Pardo,Não,Não,Sim,Não
Cândido Godói,6.725,"0,8074","358.436,31","25.306,76","52.330,66","145.175,18","135.623,71","58.702,31",Fronteira Noroeste,Não,Não,Não,Não
Candiota,9.435,"0,7890","2.744.006,06","61.054,08","2.351.042,15","130.044,32","201.865,52","282.683,22",Campanha,Não,Não,Não,Não
Canela,47.990,"0,7380","1.595.254,51","153.530,38","399.881,56","20.844,18","1.020.998,40","34.711,89",Hortênsias,Não,Não,Não,Não
Canguçu,53.161,"0,6814","1.660.001,98","110.545,65","55.072,23","592.457,44","901.926,66","29.448,32",Sul,Não,Não,Não,Não
Canoas,365.364,"0,7329","21.995.362,27","3.091.272,22","8.390.681,01","10.474,84","10.502.934,20","62.892,77",Vale do Rio dos Sinos,Não,Não,Não,Não
Canudos do Vale,1.757,"0,7642","67.986,91","2.063,66","1.618,93","39.534,97","24.769,36","40.157,66",Vale do Taquari,Não,Não,Não,Não
Capão Bonito do Sul,1.952,"0,8018","342.052,20","13.573,37","14.393,18","239.236,09","74.849,56","210.105,78",Nordeste,Não,Não,Não,Não
Capão da Canoa,56.396,"0,7087","1.966.012,45","187.991,52","283.085,78","3.527,82","1.491.407,32","35.739,83",Litoral,Não,Não,Não,Sim
Capão do Cipó,3.198,"0,8035","644.963,92","28.480,99","15.373,28","456.954,15","144.155,51","172.220,01",Vale do Jaguari,Não,Não,Não,Não
Capão do Leão,27.105,"0,6457","830.082,42","77.128,11","207.562,81","153.536,10","391.855,40","32.600,83",Sul,Não,Não,Não,Não
Capela de Santana,13.084,"0,6759","298.585,47","30.251,69","78.966,49","30.504,89","158.862,40","24.508,37",Vale do Caí,Não,Não,Não,Não
Capitão,3.185,"0,7974","95.377,89","3.017,43","6.213,48","49.037,46","37.109,52","34.432,45",Vale do Taquari,Não,Não,Não,Não
Capivari do Sul,4.620,"0,8055","386.831,97","37.465,82","32.111,11","152.886,19","164.368,85","80.707,69",Litoral,Não,Não,Não,Não
Caraá,8.175,"0,6817","165.658,92","7.141,81","22.492,18","54.789,62","81.235,31","19.660,45",Litoral,Não,Não,Não,Não
Carazinho,64.757,"0,7885","3.846.846,97","678.252,96","381.381,58","253.865,77","2.533.346,66","61.635,35",Produção,Não,Não,Não,Não
Carlos Barbosa,31.709,"0,8800","3.529.578,37","786.822,79","1.713.024,52","82.339,26","947.391,80","115.232,73",Serra,Não,Não,Não,Não
Carlos Gomes,1.482,"0,7752","70.446,54","1.741,58","4.650,69","41.661,11","22.393,17","53.087,07",Norte,Não,Não,Não,Não
Casca,9.366,"0,8461","717.919,21","92.490,65","132.678,52","184.464,96","308.285,07","79.153,17",Produção,Não,Não,Não,Não
Caseiros,3.235,"0,7958","199.196,08","19.466,28","9.772,94","80.795,10","89.161,76","61.708,82",Nordeste,Não,Não,Não,Não
Catuípe,9.483,"0,8166","638.109,49","35.245,88","21.000,65","355.152,93","226.710,02","73.932,28",Noroeste Colonial,Não,Não,Não,Não
Caxias do Sul,479.884,"0,8050","31.688.460,22","5.271.802,13","9.594.396,76","275.560,46","16.546.700,88","60.506,95",Serra,Não,Não,Não,Não
Centenário,3.148,"0,7912","120.777,83","3.594,82","5.188,31","70.857,23","41.137,48","42.156,31",Norte,Não,Não,Não,Não
Cerrito,6.133,"0,6848","161.326,90","4.748,06","4.996,90","86.122,03","65.459,90","26.865,43",Sul,Não,Não,Não,Não
Cerro Branco,4.128,"0,6800","90.158,22","2.955,89","3.879,95","35.783,58","47.538,79","19.101,32",Jacuí Centro,Não,Não,Não,Não
Cerro Grande,2.670,"0,7056","74.560,97","1.836,10","1.578,04","41.836,03","29.310,81","32.687,84",Rio da Várzea,Não,Não,Não,Não
Cerro Grande do Sul,10.675,"0,6400","203.182,57","13.542,81","9.901,73","58.730,03","121.008,00","16.152,52",Centro-Sul,Não,Não,Não,Não
Cerro Largo,14.814,"0,7594","796.774,91","172.693,07","73.911,15","83.745,88","466.424,80","55.941,51",Missões,Não,Não,Sim,Não
Chapada,10.299,"0,8174","741.825,80","48.832,27","47.387,34","393.768,39","251.837,80","80.536,95",Rio da Várzea,Não,Não,Sim,Não
Charqueadas,38.054,"0,7388","1.736.974,47","191.262,54","778.257,58","61.424,55","706.029,79","41.649,07",Centro-Sul,Não,Não,Não,Não
Charrua,3.211,"0,6976","149.350,72","5.664,17","3.415,03","90.807,08","49.464,43","46.267,26",Norte,Não,Não,Não,Não
Chiapetta,4.047,"0,8122","388.834,98","9.536,17","12.097,71","274.522,28","92.678,82","105.546,96",Celeiro,Não,Não,Não,Não
Chuí,5.869,"0,7944","370.300,76","44.333,14","56.820,96","42.647,56","226.499,10","54.200,93",Sul,Não,Sim,Não,Sim
Chuvisca,5.242,"0,6596","129.739,17","4.320,48","3.533,74","65.543,05","56.341,90","23.511,99",Centro-Sul,Não,Não,Não,Não
Cidreira,16.515,"0,5997","362.058,55","26.052,59","23.369,12","25.701,99","286.934,86","21.427,39",Litoral,Não,Não,Não,Sim
Ciríaco,4.670,"0,7756","264.360,14","17.393,41","15.408,87","139.554,83","92.003,04","56.330,74",Produção,Não,Não,Não,Não
Colinas,2.971,"0,7715","87.208,65","4.254,38","9.886,67","35.744,17","37.323,44","35.364,42",Vale do Taquari,Não,Não,Não,Não
Colorado,3.482,"0,8433","338.156,71","17.377,65","11.957,50","212.849,82","95.971,74","109.506,71",Alto Jacuí,Não,Não,Não,Não
Condor,7.277,"0,8111","624.705,03","50.428,67","69.822,02","292.442,85","212.011,48","92.330,04",Noroeste Colonial,Não,Não,Não,Não
Constantina,10.805,"0,7655","432.347,60","43.277,61","37.066,42","128.556,20","223.447,38","43.658,25",Rio da Várzea,Não,Não,Não,Não
Coqueiro Baixo,1.500,"0,7468","52.163,24","1.570,61","1.306,33","28.711,53","20.574,77","35.008,88",Vale do Taquari,Não,Não,Não,Não
Coqueiros do Sul,2.392,"0,8490","190.143,73","9.962,68","6.204,00","116.788,55","57.188,50","83.874,61",Produção,Não,Não,Não,Não
Coronel Barros,2.908,"0,8183","226.125,02","18.783,57","14.257,94","102.961,16","90.122,34","89.696,56",Noroeste Colonial,Não,Não,Não,Não
Coronel Bicaco,7.477,"0,7220","515.152,27","28.364,74","16.532,65","288.705,44","181.549,43","71.419,97",Celeiro,Não,Não,Não,Não
Coronel Pilar,1.743,"0,7659","49.059,08","1.933,83","3.093,89","23.451,35","20.580,01","30.623,65",Serra,Não,Não,Não,Não
Cotiporã,3.967,"0,8169","167.927,52","15.961,38","36.945,58","45.672,93","69.347,63","43.914,10",Serra,Não,Não,Não,Não
Coxilha,2.912,"0,8287","422.463,55","14.413,80","18.741,63","297.297,89","92.010,23","154.691,89",Produção,Não,Não,Não,Não
Crissiumal,13.901,"0,7590","508.975,70","36.159,66","50.484,26","188.787,98","233.543,79","38.358,26",Celeiro,Sim,Não,Sim,Não
Cristal,7.633,"0,6981","308.906,29","17.028,18","15.153,92","155.760,36","120.963,83","38.037,96",Centro-Sul,Não,Não,Não,Não
Cristal do Sul,2.885,"0,7403","94.740,39","2.478,04","2.157,92","56.692,39","33.412,04","33.359,29",Médio Alto Uruguai,Não,Não,Não,Não
Cruz Alta,62.386,"0,7867","4.609.383,81","702.725,54","418.956,11","776.889,97","2.710.812,19","77.389,30",Alto Jacuí,Não,Não,Não,Não
Cruzaltense,1.891,"0,8349","144.763,33","7.737,13","3.963,36","84.741,22","48.321,62","82.018,89",Norte,Não,Não,Não,Não
Cruzeiro do Sul,13.637,"0,7875","533.002,44","74.633,60","123.218,14","90.458,41","244.692,28","42.787,38",Vale do Taquari,Não,Não,Não,Não
David Canabarro,4.531,"0,8312","229.362,45","15.947,06","9.455,03","102.178,05","101.782,31","48.470,51",Produção,Não,Não,Não,Não
Derrubadas,2.926,"0,7405","148.406,81","4.668,03","5.332,02","92.002,75","46.404,01","54.601,48",Celeiro,Sim,Não,Sim,Não
Dezesseis de Novembro,2.503,"0,7009","57.173,90","2.091,57","1.282,08","21.162,92","32.637,34","24.527,63",Missões,Não,Não,Não,Não
Dilermando de Aguiar,2.985,"0,7735","267.900,90","8.955,76","12.580,89","182.178,69","64.185,57","89.569,01",Central,Não,Não,Não,Não
Dois Irmãos,33.479,"0,7960","2.188.540,31","346.831,70","783.119,44","20.707,72","1.037.881,45","65.238,03",Vale do Rio dos Sinos,Não,Não,Não,Não
Dois Irmãos das Missões,2.131,"0,7810","199.193,84","9.052,08","7.711,80","135.693,17","46.736,79","99.996,91",Médio Alto Uruguai,Não,Não,Não,Não
Dois Lajeados,3.539,"0,8084","172.600,63","12.892,44","33.172,75","59.127,34","67.408,10","50.616,02",Vale do Taquari,Não,Não,Não,Não
Dom Feliciano,14.055,"0,6053","356.857,03","15.761,64","9.625,47","155.677,78","175.792,13","22.940,15",Centro-Sul,Não,Não,Não,Não
Dom Pedrito,36.422,"0,7586","2.210.940,53","141.220,33","132.721,66","1.052.204,25","884.794,29","57.844,71",Campanha,Não,Sim,Não,Não
Dom Pedro de Alcântara,2.826,"0,6622","65.532,72","6.641,90","4.158,76","9.319,93","45.412,13","26.005,05",Litoral,Não,Não,Não,Não
Dona Francisca,3.312,"0,7355","106.595,52","7.268,13","17.506,06","35.158,08","46.663,25","36.036,35",Central,Não,Não,Não,Não
Doutor Maurício Cardoso,4.795,"0,7720","260.795,73","12.391,03","7.345,83","146.062,72","94.996,15","59.542,40",Fronteira Noroeste,Sim,Não,Sim,Não
Doutor Ricardo,1.952,"0,8001","78.890,01","5.928,43","11.112,40","27.780,83","34.068,35","40.106,77",Vale do Taquari,Não,Não,Não,Não
Eldorado do Sul,41.221,"0,7131","2.120.258,24","474.344,01","264.186,22","183.079,22","1.198.648,79","49.900,17",Metropolitano Delta do Jacuí,Não,Não,Não,Não
Encantado,23.543,"0,7896","1.168.354,66","195.959,62","316.052,00","51.928,81","604.414,23","50.694,44",Vale do Taquari,Não,Não,Não,Não
Encruzilhada do Sul,23.591,"0,7087","1.080.942,93","55.554,71","46.320,58","568.395,98","410.671,65","41.512,46",Vale do Rio Pardo,Não,Não,Não,Não
Engenho Velho,1.498,"0,7558","73.213,19","3.038,76","1.811,79","38.447,05","29.915,59","78.554,93",Rio da Várzea,Não,Não,Não,Não
Entre-ijuís,9.272,"0,7561","687.575,82","64.998,01","26.463,45","279.913,70","316.200,66","82.344,41",,Não,Não,Não,Não
Entre Rios do Sul,2.903,"0,7407","207.515,91","11.115,51","91.375,67","51.456,83","53.567,90","76.180,58",Norte,Não,Não,Não,Não
Erebango,3.124,"0,7603","180.477,88","13.663,79","11.793,13","84.383,63","70.637,33","60.603,72",Norte,Não,Não,Não,Não
Erechim,109.459,"0,8008","6.882.610,72","1.102.797,84","2.043.872,00","154.750,20","3.581.190,68","64.103,00",Norte,Não,Não,Não,Não
Ernestina,3.137,"0,8192","265.547,85","13.581,36","24.063,75","144.265,27","83.637,46","83.742,62",Produção,Não,Não,Não,Não
Erval Grande,5.234,"0,7262","150.881,72","11.737,37","8.639,33","56.127,24","74.377,79","31.565,21",Norte,Não,Não,Não,Não
Erval Seco,7.515,"0,7546","353.966,62","22.954,05","18.709,14","168.828,02","143.475,42","52.854,50",Médio Alto Uruguai,Não,Não,Sim,Não
Esmeralda,3.291,"0,7805","392.858,57","17.924,36","10.500,72","251.708,99","112.724,51","119.373,62",Campos de Cima da Serra,Não,Não,Não,Não
Esperança do Sul,3.279,"0,6857","116.730,25","6.082,68","7.135,19","57.991,29","45.521,10","41.015,55",Celeiro,Sim,Não,Sim,Não
Espumoso,15.694,"0,7887","1.113.102,34","104.289,09","83.366,39","441.675,53","483.771,33","71.380,17",Alto da Serra do Botucaraí,Não,Não,Não,Não
Estação,6.220,"0,7834","350.706,49","52.165,09","61.395,51","59.749,80","177.396,09","59.200,96",Norte,Não,Não,Não,Não
Estância Velha,49.776,"0,7656","1.875.488,24","237.595,29","566.385,42","6.183,08","1.065.324,45","36.564,93",Vale do Rio dos Sinos,Não,Não,Não,Não
Esteio,86.429,"0,7544","3.749.877,54","600.853,57","858.325,82","3.288,08","2.287.410,07","44.988,45",Vale do Rio dos Sinos,Não,Não,Não,Não
Estrela,35.831,"0,7940","2.171.440,71","267.344,56","783.045,91","140.487,65","980.562,60","62.633,50",Vale do Taquari,Não,Não,Não,Não
Estrela Velha,3.469,"0,7714","197.413,82","9.966,55","4.819,60","111.418,85","71.208,81","54.145,31",Vale do Rio Pardo,Não,Não,Não,Não
Eugênio de Castro,2.723,"0,8026","405.442,60","19.489,12","24.038,45","262.515,14","99.399,89","175.516,28",Missões,Não,Não,Não,Não
Fagundes Varela,2.710,"0,8347","197.918,35","16.072,95","68.805,54","62.112,53","50.927,33","71.970,31",Serra,Não,Não,Não,Não
Farroupilha,72.410,"0,8174","4.398.447,41","806.961,54","1.454.549,51","197.883,67","1.939.052,70","59.633,50",Serra,Não,Não,Não,Não
Faxinal do Soturno,7.066,"0,7416","270.104,54","28.749,08","31.044,69","39.560,12","170.750,65","40.611,12",Central,Não,Não,Não,Não
Faxinalzinho,2.578,"0,7305","103.165,59","3.609,24","4.169,45","59.134,02","36.252,89","45.729,43",Norte,Não,Não,Não,Não
Fazenda Vilanova,4.570,"0,6792","140.822,35","11.489,73","14.591,66","40.274,02","74.466,95","30.090,25",Vale do Taquari,Não,Não,Não,Não
Feliz,14.501,"0,7841","589.352,25","75.962,58","142.280,35","22.681,78","348.427,54","42.930,67",Vale do Caí,Não,Não,Não,Não
Flores da Cunha,32.121,"0,8263","2.538.135,67","508.223,91","1.041.599,16","132.842,14","855.470,46","80.956,10",Serra,Não,Não,Não,Não
Floriano Peixoto,1.759,"0,7514","103.058,24","4.440,92","3.993,74","60.221,29","34.402,29","60.303,24",Norte,Não,Não,Não,Não
Fontoura Xavier,10.093,"0,6928","227.468,08","14.823,10","9.637,90","66.320,56","136.686,52","22.342,41",Alto da Serra do Botucaraí,Não,Não,Não,Não
Formigueiro,7.269,"0,7324","302.798,81","18.419,15","24.975,98","143.621,79","115.781,89","46.095,12",Central,Não,Não,Não,Não
Forquetinha,2.562,"0,7334","58.939,11","2.235,36","4.023,11","25.692,70","26.987,94","24.671,04",Vale do Taquari,Não,Não,Não,Não
Fortaleza dos Valos,4.645,"0,8616","564.770,92","34.860,12","14.527,47","326.662,85","188.720,48","132.824,77",Alto Jacuí,Não,Não,Não,Não
Frederico Westphalen,34.251,"0,7686","1.430.605,85","174.015,74","239.544,57","140.904,71","876.140,83","45.165,14",Médio Alto Uruguai,Não,Não,Sim,Não
Garibaldi,36.433,"0,8314","2.997.962,97","584.434,93","1.269.430,39","61.666,49","1.082.431,16","83.756,02",Serra,Não,Não,Não,Não
Garruchos,2.924,"0,7432","200.965,76","7.732,13","4.530,15","127.992,84","60.710,64","70.489,57",Missões,Sim,Não,Sim,Não
Gaurama,5.850,"0,7884","282.771,38","27.267,19","56.106,22","86.794,33","112.603,65","51.913,23",Norte,Não,Não,Não,Não
General Câmara,8.381,"0,7119","276.372,43","7.993,40","10.673,93","159.706,94","97.998,16","33.142,16",Vale do Rio Pardo,Não,Não,Não,Não
Gentil,1.938,"0,7764","190.647,27","14.180,38","4.869,44","102.370,75","69.226,70","117.756,19",Produção,Não,Não,Não,Não
Getúlio Vargas,17.647,"0,7627","793.660,60","74.511,03","130.785,62","170.450,83","417.913,12","49.118,74",Norte,Não,Não,Sim,Não
Giruá,16.249,"0,7907","1.202.940,67","90.727,86","118.633,15","541.032,34","452.547,31","76.479,16",Missões,Não,Não,Não,Não
Glorinha,8.047,"0,7497","461.885,08","46.473,48","231.698,75","33.555,14","150.157,71","55.622,00",Metropolitano Delta do Jacuí,Não,Não,Não,Não
Gramado,39.621,"0,8244","2.658.017,54","340.701,03","344.063,33","24.733,46","1.948.519,71","72.103,34",Hortênsias,Não,Não,Não,Não
Gramado dos Loureiros,2.541,"0,7404","94.578,85","3.042,04","3.811,41","57.394,67","30.330,73","46.453,26",Médio Alto Uruguai,Não,Não,Sim,Não
Gramado Xavier,3.941,"0,7420","109.481,22","2.597,97","3.572,74","57.594,93","45.715,58","25.007,13",Alto da Serra do Botucaraí,Não,Não,Não,Não
Gravataí,277.949,"0,7084","10.261.618,29","1.655.745,15","3.311.020,47","25.205,47","5.269.647,20","35.934,57",Metropolitano Delta do Jacuí,Não,Não,Não,Não
Guabiju,1.568,"0,8614","132.787,21","5.345,34","4.016,26","87.150,31","36.275,30","89.842,50",Serra,Não,Não,Não,Não
Guaíba,99.202,"0,7617","8.284.804,00","3.035.221,60","1.766.358,07","68.926,71","3.414.297,61","84.254,24",Metropolitano Delta do Jacuí,Não,Não,Não,Não
Guaporé,27.455,"0,7775","1.149.050,18","118.494,53","361.090,68","106.749,85","562.715,12","43.858,55",Serra,Não,Não,Não,Não
Guarani das Missões,7.932,"0,7115","362.623,19","32.485,21","24.642,61","134.876,97","170.618,40","49.049,53",Missões,Não,Não,Sim,Não
Harmonia,5.292,"0,8085","245.496,12","34.489,49","62.569,87","35.724,43","112.712,33","49.425,43",Vale do Caí,Não,Não,Não,Não
Herval,6.625,"0,7124","253.605,69","6.752,47","6.998,77","148.384,82","91.469,62","37.256,60",Sul,Não,Sim,Não,Não
Herveiras,2.969,"0,6600","71.142,05","2.241,32","1.842,08","31.312,04","35.746,61","23.564,77",Vale do Rio Pardo,Não,Não,Não,Não
Horizontina,20.253,"0,8200","2.608.192,46","616.217,90","1.183.861,83","133.348,42","674.764,30","134.124,88",Fronteira Noroeste,Não,Não,Não,Não
Hulha Negra,5.857,"0,7353","314.486,39","31.038,40","65.217,21","113.251,99","104.978,78","45.617,40",Campanha,Não,Não,Não,Não
Humaitá,5.025,"0,7817","229.247,93","22.789,46","9.764,98","91.922,80","104.770,69","48.651,94",Celeiro,Não,Não,Não,Não
Ibarama,4.132,"0,7121","112.226,03","6.042,02","9.246,23","46.538,94","50.398,85","25.546,56",Vale do Rio Pardo,Não,Não,Não,Não
Ibiaçá,4.931,"0,8046","367.293,66","20.277,87","22.580,18","203.366,95","121.068,66","78.314,21",Nordeste,Não,Não,Não,Não
Ibiraiaras,8.104,"0,7834","399.690,90","48.934,89","13.933,47","170.383,34","166.439,19","55.000,81",Nordeste,Não,Não,Não,Não
Ibirapuitã,3.974,"0,7624","213.521,27","9.385,89","5.443,26","128.142,05","70.550,06","53.540,94",Alto da Serra do Botucaraí,Não,Não,Não,Não
Ibirubá,22.457,"0,8171","1.722.052,56","227.405,10","350.982,40","453.393,30","690.271,76","84.109,24",Alto Jacuí,Não,Não,Não,Não
Igrejinha,36.922,"0,7389","1.888.880,48","248.159,04","811.506,35","6.833,16","822.381,93","50.031,27",Paranhana Encosta da Serra,Não,Não,Não,Não
Ijuí,89.067,"0,8205","5.190.378,28","632.788,04","1.147.433,36","461.042,54","2.949.114,34","61.760,07",Noroeste Colonial,Não,Não,Não,Não
Ilópolis,4.168,"0,7613","140.569,14","10.682,77","16.023,03","47.223,95","66.639,40","34.674,18",Vale do Taquari,Não,Não,Não,Não
Imbé,25.056,"0,6636","626.813,61","47.762,29","55.540,65","2.209,68","521.300,99","26.424,42",Litoral,Não,Não,Não,Sim
Imigrante,3.490,"0,8517","519.188,61","63.541,47","321.418,60","37.061,45","97.167,09","167.318,28",Vale do Taquari,Não,Não,Não,Não
Independência,6.665,"0,7948","494.163,88","71.224,66","52.109,74","204.430,90","166.398,60","81.626,01",Fronteira Noroeste,Não,Não,Não,Não
Inhacorá,2.294,"0,7294","110.555,74","4.545,39","3.601,77","63.724,31","38.684,28","50.093,22",Celeiro,Não,Não,Não,Não
Ipê,6.025,"0,8234","298.581,35","16.171,14","23.864,87","157.806,47","100.738,87","44.326,21",Campos de Cima da Serra,Não,Não,Não,Não
Ipiranga do Sul,1.996,"0,8756","177.628,00","7.609,53","7.494,31","105.824,95","56.699,21","94.937,47",Norte,Não,Não,Não,Não
Iraí,8.036,"0,7365","254.490,75","23.498,63","18.099,63","77.563,94","135.328,55","36.118,47",Médio Alto Uruguai,Não,Não,Não,Não
Itaara,5.549,"0,7971","286.657,74","15.716,45","22.621,32","26.282,23","222.037,75","51.436,88",Central,Não,Não,Não,Não
Itacurubi,3.224,"0,7665","246.285,31","4.189,55","5.758,45","180.540,75","55.796,56","71.263,11",Fronteira Oeste,Não,Não,Não,Não
Itapuca,2.219,"0,7667","94.233,80","1.602,04","3.105,33","62.473,25","27.053,18","46.261,07",Alto da Serra do Botucaraí,Não,Não,Não,Não
Itaqui,36.263,"0,7415","2.186.920,74","188.263,69","294.872,82","915.962,33","787.821,91","58.531,72",Fronteira Oeste,Sim,Não,Não,Não
Itati,2.840,"0,7083","86.737,59","3.327,05","3.416,93","42.313,99","37.679,63","36.490,36",Litoral,Não,Não,Não,Não
Itatiba do Sul,3.518,"0,7555","81.706,28","3.034,61","3.600,27","36.840,59","38.230,80","25.996,27",Norte,Não,Não,Não,Não
Ivorá,2.079,"0,7697","71.910,43","1.734,42","2.311,45","41.547,59","26.316,97","38.786,64",Central,Não,Não,Não,Não
Ivoti,23.925,"0,8146","1.180.382,67","188.105,98","301.034,31","12.454,11","678.788,27","47.087,23",Vale do Rio dos Sinos,Não,Não,Não,Não
Jaboticaba,4.072,"0,6809","136.728,69","6.083,17","4.740,61","63.649,14","62.255,77","36.578,03",Rio da Várzea,Não,Não,Sim,Não
Jacuizinho,2.616,"0,7762","224.025,84","4.535,33","5.453,66","164.172,70","49.864,15","82.423,05",Alto da Serra do Botucaraí,Não,Não,Não,Não
Jacutinga,3.807,"0,7885","232.299,67","16.295,03","14.831,42","114.478,11","86.695,12","65.770,01",Norte,Não,Não,Não,Não
Jaguarão,27.574,"0,7134","1.059.391,87","62.512,52","42.337,72","475.652,12","478.889,50","40.239,75",Sul,Não,Sim,Não,Não
Jaguari,10.461,"0,7585","378.017,97","25.805,21","27.616,08","124.482,76","200.113,91","35.381,69",Vale do Jaguari,Não,Não,Não,Não
Jaquirana,4.114,"0,6085","94.040,73","5.447,06","6.380,27","36.156,90","46.056,49","26.042,85",Hortênsias,Não,Não,Não,Não
Jari,3.510,"0,7768","469.004,75","6.703,05","11.495,65","377.841,11","72.964,94","135.082,01",Central,Não,Não,Não,Não
Jóia,7.788,"0,7854","975.407,12","30.177,08","23.079,74","709.902,45","212.247,86","113.803,19",Noroeste Colonial,Não,Não,Não,Não
Júlio de Castilhos,18.892,"0,8150","1.925.170,68","234.601,01","55.762,10","741.244,69","893.562,88","100.483,88",Central,Não,Não,Não,Não
Lagoa Bonita do Sul,2.610,"0,7101","68.914,59","2.384,56","2.738,72","32.861,49","30.929,83","23.448,31",Vale do Rio Pardo,Não,Não,Não,Não
Lagoa dos Três Cantos,1.986,"0,8343","157.139,12","7.111,82","4.454,12","97.987,41","47.585,78","97.967,03",Alto Jacuí,Não,Não,Não,Não
Lagoão,5.746,"0,7005","154.689,10","4.431,62","3.920,84","84.629,81","61.706,84","23.912,37",Alto da Serra do Botucaraí,Não,Não,Não,Não
Lagoa Vermelha,27.970,"0,7582","1.513.399,78","145.083,13","272.241,05","402.252,72","693.822,88","54.534,96",Nordeste,Não,Não,Não,Não
Lajeado,94.929,"0,8023","5.596.168,71","959.740,59","1.374.061,03","25.702,34","3.236.664,75","65.067,95",Vale do Taquari,Não,Não,Não,Não
Lajeado do Bugre,2.649,"0,6700","74.874,08","2.621,05","5.288,13","35.159,31","31.805,59","29.145,22",Rio da Várzea,Não,Não,Não,Não
Lavras do Sul,7.204,"0,7372","497.625,89","16.228,54","12.786,13","319.049,34","149.561,88","67.155,99",Campanha,Não,Não,Não,Não
Liberato Salzano,5.491,"0,7604","172.442,45","8.893,43","7.006,69","88.837,88","67.704,45","33.898,65",Rio da Várzea,Não,Não,Não,Não
Lindolfo Collor,6.301,"0,7561","365.848,15","35.740,95","220.582,19","7.993,37","101.531,64","59.074,46",Paranhana Encosta da Serra,Não,Não,Não,Não
Linha Nova,1.784,"0,7835","65.578,71","1.736,94","3.032,21","38.086,14","22.723,43","38.038,69",Vale do Caí,Não,Não,Não,Não
Maçambará,4.599,"0,8114","582.040,57","13.937,58","16.905,20","445.452,27","105.745,52","128.231,01",Fronteira Oeste,Não,Não,Não,Não
Machadinho,5.799,"0,7632","272.822,51","16.993,01","12.847,67","123.140,74","119.841,07","50.419,98",Nordeste,Não,Não,Não,Não
Mampituba,3.332,"0,6892","70.213,15","2.179,67","4.263,37","28.644,33","35.125,78","23.680,66",Litoral,Não,Não,Não,Não
Manoel Viana,6.637,"0,7637","546.970,21","16.344,08","17.094,90","369.993,51","143.537,72","74.773,78",Fronteira Oeste,Não,Não,Não,Não
Maquiné,7.014,"0,7064","190.482,72","13.735,30","34.597,98","36.971,78","105.177,65","28.232,21",Litoral,Não,Não,Não,Não
Maratá,2.748,"0,7531","80.816,30","3.456,28","4.254,35","34.015,82","39.089,85","29.788,54",Vale do Caí,Não,Não,Não,Não
Marau,44.785,"0,8136","3.060.013,06","424.124,54","982.152,26","398.072,29","1.255.663,96","67.219,06",Produção,Não,Não,Não,Não
Marcelino Ramos,4.718,"0,7757","167.823,63","10.801,75","16.950,44","55.057,73","85.013,70","39.590,38",Norte,Não,Não,Sim,Não
Mariana Pimentel,4.076,"0,7045","104.494,88","5.201,82","2.700,71","47.538,00","49.054,36","26.848,63",Centro-Sul,Não,Não,Não,Não
Mariano Moro,2.098,"0,7788","72.887,02","3.373,75","4.087,30","33.820,34","31.605,64","36.681,94",Norte,Não,Não,Não,Não
Marques de Souza,4.290,"0,7239","124.134,27","10.293,33","9.400,26","44.743,46","59.697,21","31.181,68",Vale do Taquari,Não,Não,Não,Não
Mata,4.695,"0,7288","169.005,28","13.416,62","14.224,42","62.877,03","78.487,20","35.505,31",Vale do Jaguari,Não,Não,Não,Não
Mato Castelhano,2.643,"0,7969","168.253,69","10.180,41","4.276,99","92.071,21","61.725,08","66.163,47",Produção,Não,Não,Não,Não
Mato Leitão,4.895,"0,7567","180.535,47","16.646,58","46.484,38","38.710,18","78.694,33","39.017,82",Vale do Rio Pardo,Não,Não,Não,Não
Mato Queimado,1.881,"0,7398","88.445,55","2.165,17","2.399,37","56.532,79","27.348,22","54.901,02",Missões,Não,Não,Não,Não
Maximiliano de Almeida,4.629,"0,7447","161.122,19","8.471,16","14.017,67","67.399,66","71.233,70","37.875,46",Nordeste,Não,Não,Não,Não
Minas do Leão,7.960,"0,6733","279.175,51","36.210,62","12.177,76","99.414,49","131.372,64","34.338,93",Centro-Sul,Não,Não,Não,Não
Miraguaí,5.448,"0,7742","190.385,06","17.930,75","33.760,50","61.065,21","77.628,60","38.862,02",Celeiro,Não,Não,Não,Não
Montauri,1.617,"0,8043","98.137,05","9.248,13","7.553,47","53.647,74","27.687,72","68.627,31",Serra,Não,Não,Não,Não
Monte Alegre dos Campos,3.217,"0,6744","109.728,63","2.577,83","3.321,20","60.995,55","42.834,04","33.898,25",Campos de Cima da Serra,Não,Não,Não,Não
Monte Belo do Sul,2.967,"0,7664","94.434,13","8.652,64","18.665,43","30.045,35","37.070,71","37.563,30",Serra,Não,Não,Não,Não
Montenegro,67.857,"0,7881","5.752.330,07","1.136.443,73","2.376.130,74","130.558,42","2.109.197,18","86.949,68",Vale do Caí,Não,Não,Não,Não
Mormaço,2.954,"0,7887","153.332,85","11.933,16","4.159,60","69.722,95","67.517,15","48.847,68",Alto da Serra do Botucaraí,Não,Não,Não,Não
Morrinhos do Sul,3.409,"0,7410","81.464,67","3.810,11","3.620,29","33.149,28","40.884,99","28.178,72",Litoral,Não,Não,Não,Não
Morro Redondo,6.519,"0,6977","132.443,07","12.682,03","14.466,20","26.385,96","78.908,87","20.039,80",Sul,Não,Não,Não,Não
Morro Reuter,6.634,"0,7953","274.165,95","27.271,56","88.453,18","46.513,43","111.927,79","41.729,98",Paranhana Encosta da Serra,Não,Não,Não,Não
Mostardas,12.582,"0,7583","643.322,77","29.339,58","38.139,78","348.815,08","227.028,32","49.916,42",Litoral,Não,Não,Não,Sim
Muçum,5.174,"0,7797","301.850,72","26.389,03","134.583,80","30.773,27","110.104,61","60.771,23",Vale do Taquari,Não,Não,Não,Não
Muitos Capões,3.002,"0,8155","1.122.083,98","66.008,56","180.344,02","677.494,17","198.237,23","352.413,31",Campos de Cima da Serra,Não,Não,Não,Não
Muliterno,1.992,"0,8151","91.987,54","2.139,51","2.700,15","58.336,64","28.811,25","48.389,03",Produção,Não,Não,Não,Não
Não-Me-Toque,18.866,"0,8305","2.207.530,55","349.118,49","907.580,46","214.105,47","736.726,13","123.422,26",Alto Jacuí,Não,Não,Não,Não
Nicolau Vergueiro,1.981,"0,7795","146.250,92","9.024,07","3.286,33","83.655,09","50.285,43","87.733,01",Alto da Serra do Botucaraí,Não,Não,Não,Não
Nonoai,12.747,"0,7209","525.504,10","62.385,54","31.826,06","129.571,12","301.721,38","45.403,84",Médio Alto Uruguai,Não,Não,Não,Não
Nova Alvorada,3.509,"0,8258","236.574,18","38.194,98","12.325,50","84.527,43","101.526,27","63.973,55",Produção,Não,Não,Não,Não
Nova Araçá,5.595,"0,8122","327.225,30","46.283,21","107.502,88","62.893,97","110.545,25","66.917,24",Serra,Não,Não,Não,Não
Nova Bassano,9.296,"0,8308","802.205,60","63.256,65","400.423,98","135.479,76","203.045,21","79.512,90",Serra,Não,Não,Não,Não
Nova Boa Vista,2.115,"0,8589","145.342,09","15.102,27","27.608,25","55.103,24","47.528,34","83.964,24",Rio da Várzea,Não,Não,Não,Não
Nova Bréscia,3.234,"0,8309","141.143,04","10.061,53","16.170,93","60.100,35","54.810,24","42.195,23",Vale do Taquari,Não,Não,Não,Não
Nova Candelária,3.140,"0,8288","229.430,43","24.906,27","58.652,04","87.287,24","58.584,88","85.704,31",Fronteira Noroeste,Não,Não,Não,Não
Nova Esperança do Sul,5.057,"0,7702","172.364,61","14.886,09","35.829,67","39.991,07","81.657,78","31.539,73",Vale do Jaguari,Não,Não,Não,Não
Nova Hartz,20.899,"0,6941","805.694,10","71.726,16","416.574,88","3.903,38","313.489,68","36.379,38",Vale do Rio dos Sinos,Não,Não,Não,Não
Nova Pádua,2.657,"0,7943","100.210,68","9.696,04","13.694,31","37.256,65","39.563,68","39.098,98",Serra,Não,Não,Não,Não
Nova Palma,6.043,"0,8102","382.687,15","28.621,24","87.138,87","105.604,62","161.322,42","58.703,35",Central,Não,Não,Não,Não
Nova Petrópolis,23.343,"0,7998","972.683,86","163.577,06","200.432,23","57.426,46","551.248,11","44.789,05",Hortênsias,Não,Não,Não,Não
Nova Prata,27.266,"0,8010","1.730.036,79","271.197,35","597.217,23","94.572,01","767.050,21","61.740,72",Serra,Não,Não,Não,Não
Nova Ramada,2.398,"0,8709","304.677,07","24.013,81","34.708,34","160.982,26","84.972,65","138.805,04",Noroeste Colonial,Não,Não,Não,Não
Nova Roma do Sul,3.914,"0,8042","169.303,86","17.695,19","40.090,70","45.505,91","66.012,06","45.232,13",Serra,Não,Não,Não,Não
Nova Santa Rita,29.181,"0,7602","2.487.514,53","763.678,42","615.230,34","40.367,79","1.068.237,99","81.606,01",Vale do Rio dos Sinos,Não,Não,Não,Não
Novo Barreiro,4.288,"0,7757","135.198,83","7.361,90","8.134,99","56.439,44","63.262,50","32.305,57",Rio da Várzea,Não,Não,Não,Não
Novo Cabrais,3.990,"0,7232","133.170,43","4.852,01","6.485,29","68.698,32","53.134,81","31.363,74",Jacuí Centro,Não,Não,Não,Não
Novo Hamburgo,254.190,"0,7389","10.037.888,75","1.358.672,22","2.274.985,38","28.060,00","6.376.171,15","40.589,43",Vale do Rio dos Sinos,Não,Não,Sim,Não
Novo Machado,3.583,"0,7698","186.353,33","8.138,48","4.555,83","111.828,67","61.830,35","58.399,67",Fronteira Noroeste,Sim,Não,Sim,Não
Novo Tiradentes,2.433,"0,6948","74.727,83","2.854,28","1.546,37","39.000,82","31.326,36","34.137,89",Médio Alto Uruguai,Não,Não,Sim,Não
Novo Xingu,1.909,"0,7887","75.032,77","2.778,49","2.605,97","39.697,11","29.951,21","44.007,49",Rio da Várzea,Não,Não,Não,Não
Osório,47.141,"0,7497","1.819.024,12","171.263,72","252.177,89","62.368,93","1.333.213,57","38.855,58",Litoral,Não,Não,Não,Não
Paim Filho,3.939,"0,7710","167.644,44","11.217,15","9.641,28","76.430,43","70.355,58","44.932,84",Nordeste,Não,Não,Não,Não
Palmares do Sul,12.339,"0,7466","735.603,36","42.836,81","266.750,27","171.623,37","254.392,91","64.856,58",Litoral,Não,Não,Não,Não
Palmeira das Missões,35.311,"0,7660","2.215.049,62","176.138,36","82.279,87","980.810,40","975.821,00","67.189,91",Rio da Várzea,Não,Não,Não,Não
Palmitinho,7.587,"0,7470","271.640,64","17.198,55","42.591,81","82.355,81","129.494,47","38.497,82",Médio Alto Uruguai,Não,Não,Não,Não
Panambi,44.664,"0,7982","3.167.743,30","382.557,19","1.330.220,43","263.177,14","1.191.788,54","71.052,72",Noroeste Colonial,Não,Não,Não,Não
Pantano Grande,9.997,"0,7148","533.686,93","41.749,07","103.903,29","180.370,31","207.664,26","59.331,51",Vale do Rio Pardo,Não,Não,Não,Não
Paraí,7.659,"0,8363","424.445,30","64.156,19","112.017,88","82.993,19","165.278,04","54.464,94",Serra,Não,Não,Não,Não
Paraíso do Sul,7.538,"0,6960","207.384,40","11.732,43","6.396,47","87.614,91","101.640,59","27.162,33",Jacuí Centro,Não,Não,Não,Não
Pareci Novo,4.588,"0,7625","136.433,59","15.288,00","9.818,55","37.733,31","73.593,74","35.118,04",Vale do Caí,Não,Não,Não,Não
Parobé,57.289,"0,6636","1.390.312,15","126.121,20","383.041,64","6.234,42","874.914,90","23.398,44",Paranhana Encosta da Serra,Não,Não,Não,Não
Passa Sete,4.653,"0,6949","132.982,23","4.418,59","3.655,95","70.065,79","54.841,90","22.967,57",Vale do Rio Pardo,Não,Não,Não,Não
Passo do Sobrado,6.591,"0,7138","229.639,68","18.539,09","26.114,53","97.046,05","87.940,01","34.730,74",Vale do Rio Pardo,Não,Não,Não,Não
Passo Fundo,210.339,"0,7743","12.552.832,56","1.973.424,11","1.433.974,49","329.161,06","8.816.272,90","60.905,63",Produção,Não,Não,Sim,Não
Paulo Bento,2.245,"0,8181","195.869,13","18.148,95","61.249,05","66.392,95","50.078,18","85.049,56",Norte,Não,Não,Não,Não
Paverama,9.303,"0,7013","242.456,43","20.932,37","57.712,66","63.292,83","100.518,56","28.387,36",Vale do Taquari,Não,Não,Não,Não
Pedras Altas,1.964,"0,8345","386.188,86","6.997,43","9.382,24","306.315,45","63.493,74","200.305,43",Sul,Não,Sim,Não,Não
Pedro Osório,7.920,"0,6587","270.649,98","10.287,59","12.283,06","139.066,54","109.012,79","35.227,12",Sul,Não,Não,Não,Não
Pejuçara,4.093,"0,8397","464.210,85","18.798,84","13.123,61","304.801,82","127.486,57","120.888,24",Noroeste Colonial,Não,Não,Não,Não
Pelotas,342.221,"0,7173","10.778.119,16","1.211.627,43","1.319.876,28","434.023,91","7.812.591,54","31.347,60",Sul,Não,Não,Não,Não
Picada Café,5.882,"0,8296","386.451,12","59.409,59","184.984,06","16.996,52","125.060,95","66.860,05",Hortênsias,Não,Não,Não,Não
Pinhal,2.940,"0,7823","123.340,67","8.454,58","15.904,89","54.474,96","44.506,24","47.787,94",Médio Alto Uruguai,Não,Não,Não,Não
Pinhal da Serra,2.161,"0,7503","304.723,18","24.417,95","147.783,73","84.947,00","47.574,49","160.718,98",Campos de Cima da Serra,Não,Não,Não,Não
Pinhal Grande,3.906,"0,8037","931.832,26","14.906,28","654.427,38","164.251,03","98.247,58","216.252,56",Central,Não,Não,Não,Não
Pinheirinho do Vale,4.860,"0,7294","131.547,33","4.201,19","7.035,37","65.037,26","55.273,50","26.704,69",Médio Alto Uruguai,Não,Não,Não,Não
Pinheiro Machado,11.380,"0,6664","397.723,01","25.945,86","76.850,20","111.162,40","183.764,56","32.810,02",Sul,Não,Não,Não,Não
Pinto Bandeira,3.275,"0,6920","74.284,74","8.968,24","7.830,62","21.670,51","35.815,36","24.212,76",Serra,Não,Não,Não,Não
Pirapó,2.504,"0,7382","94.670,49","2.659,25","1.949,05","54.200,59","35.861,59","42.934,46",Missões,Sim,Não,Sim,Não
Piratini,18.290,"0,7323","880.272,81","32.280,15","47.488,38","518.081,08","282.423,20","42.437,10",Sul,Não,Não,Não,Não
Planalto,10.608,"0,7292","252.506,10","20.043,30","32.544,65","50.623,97","149.294,17","25.359,66",Médio Alto Uruguai,Não,Não,Não,Não
Poço das Antas,2.313,"0,8091","131.756,23","14.350,07","42.235,89","30.988,99","44.181,28","62.592,03",Vale do Taquari,Não,Não,Não,Não
Pontão,3.779,"0,8358","403.315,68","12.808,60","11.536,52","284.899,00","94.071,56","103.467,34",Produção,Não,Não,Não,Não
Ponte Preta,1.806,"0,7812","96.048,01","4.812,82","3.403,21","58.572,27","29.259,71","63.989,35",Norte,Não,Não,Não,Não
Portão,36.535,"0,7288","1.662.397,79","269.972,78","596.853,67","54.303,80","741.267,53","43.654,26",Vale do Rio dos Sinos,Não,Não,Não,Não
Porto Alegre,1.444.714,"0,8082","81.562.848,10","12.161.025,98","6.584.090,97","36.859,95","62.780.871,19","54.647,38",Metropolitano Delta do Jacuí,Não,Não,Não,Não
Porto Lucena,5.001,"0,7202","135.660,92","5.530,34","3.437,39","58.768,26","67.924,93","30.053,37",Fronteira Noroeste,Sim,Não,Sim,Não
Porto Mauá,2.487,"0,7427","89.349,23","4.662,97","1.949,53","44.033,92","38.702,81","38.314,42",Fronteira Noroeste,Sim,Não,Sim,Não
Porto Vera Cruz,1.608,"0,7392","45.211,36","1.350,47","894,68","22.095,44","20.870,77","35.939,08",Fronteira Noroeste,Sim,Não,Sim,Não
Porto Xavier,10.539,"0,6951","210.925,05","16.850,28","9.214,34","37.564,76","147.295,67","20.793,08",Missões,Sim,Não,Sim,Não
Pouso Novo,1.789,"0,7743","61.419,42","2.890,14","2.617,37","25.752,72","30.159,18","38.725,99",Vale do Taquari,Não,Não,Não,Não
Presidente Lucena,3.144,"0,8079","213.812,17","27.510,93","106.418,02","16.630,24","63.252,99","71.942,18",Paranhana Encosta da Serra,Não,Não,Não,Não
Progresso,5.808,"0,7272","166.516,17","6.751,02","9.272,44","72.787,77","77.704,94","26.706,68",Vale do Taquari,Não,Não,Não,Não
Protásio Alves,2.082,"0,8164","93.262,55","4.421,28","8.701,95","51.781,44","28.357,88","48.347,62",Serra,Não,Não,Não,Não
Putinga,4.028,"0,7778","133.441,73","7.232,48","11.236,34","61.639,01","53.333,90","34.561,44",Vale do Taquari,Não,Não,Não,Não
Quaraí,22.967,"0,6900","625.748,73","40.859,22","25.407,96","201.581,04","357.900,50","27.772,79",Fronteira Oeste,Não,Sim,Não,Não
Quatro Irmãos,1.667,"0,8129","185.962,12","6.741,64","8.271,85","122.341,76","48.606,87","99.979,63",Norte,Não,Não,Não,Não
Quevedos,2.721,"0,8005","299.302,40","15.579,81","6.705,88","198.235,21","78.781,50","107.161,62",Central,Não,Não,Não,Não
Quinze de Novembro,4.301,"0,7866","255.119,71","12.985,99","15.232,65","142.175,88","84.725,19","66.960,55",Alto Jacuí,Não,Não,Não,Não
Redentora,11.129,"0,6235","232.902,58","10.760,70","6.118,80","103.316,71","112.706,37","19.767,66",Celeiro,Não,Não,Não,Não
Relvado,2.234,"0,7690","82.686,59","2.844,27","3.139,55","48.501,22","28.201,55","39.983,85",Vale do Taquari,Não,Não,Não,Não
Restinga Sêca,15.571,"0,7186","673.419,74","44.226,40","53.165,83","277.829,65","298.197,85","42.887,51",,Não,Não,Não,Não
Rio dos Índios,3.146,"0,7485","136.484,32","6.881,81","3.846,70","75.282,27","50.473,54","53.086,08",Médio Alto Uruguai,Não,Não,Não,Não
Rio Grande,208.227,"0,7446","13.282.153,80","2.228.561,94","4.237.227,44","440.805,76","6.375.558,66","62.392,39",Sul,Não,Não,Não,Sim
Rio Pardo,38.075,"0,7049","1.390.517,66","84.378,46","106.575,97","571.616,89","627.946,34","36.346,75",Vale do Rio Pardo,Não,Não,Não,Não
Riozinho,4.421,"0,6909","155.848,08","16.605,74","64.500,39","7.065,51","67.676,43","33.173,28",Paranhana Encosta da Serra,Não,Não,Não,Não
Roca Sales,12.758,"0,7612","576.081,08","46.874,54","257.696,99","78.995,56","192.514,00","49.851,25",Vale do Taquari,Não,Não,Não,Não
Rodeio Bonito,6.790,"0,7470","279.277,84","50.726,04","21.890,84","79.225,34","127.435,63","47.593,36",Médio Alto Uruguai,Não,Não,Não,Não
Rolador,2.551,"0,7893","161.912,41","4.529,00","3.582,48","109.714,25","44.086,68","71.327,05",Missões,Não,Não,Não,Não
Rolante,22.108,"0,7556","731.606,97","92.809,91","223.350,00","27.746,59","387.700,47","33.884,81",Paranhana Encosta da Serra,Não,Não,Não,Não
Ronda Alta,10.358,"0,7638","471.551,84","31.150,45","17.612,51","201.776,91","221.011,97","44.347,96",Rio da Várzea,Não,Não,Não,Não
Rondinha,5.559,"0,8408","268.872,86","14.833,52","7.479,35","139.558,03","107.001,96","53.421,99",Rio da Várzea,Não,Não,Não,Não
Roque Gonzales,6.875,"0,7591","437.024,80","13.593,70","210.361,26","105.670,67","107.399,17","64.744,41",Missões,Sim,Não,Sim,Não
Rosário do Sul,38.837,"0,7036","1.381.969,37","100.549,98","60.427,01","507.511,85","713.480,52","35.245,33",Fronteira Oeste,Não,Não,Não,Não
Sagrada Família,2.649,"0,7594","82.615,12","3.627,79","2.647,44","38.775,75","37.564,14","31.762,83",Rio da Várzea,Não,Não,Não,Não
Saldanha Marinho,2.922,"0,8099","254.247,44","15.471,25","5.557,82","145.083,81","88.134,55","97.938,15",Alto Jacuí,Não,Não,Sim,Não
Salto do Jacuí,11.223,"0,7408","1.213.454,62","27.378,86","772.161,52","204.201,85","209.712,39","96.983,27",Alto Jacuí,Não,Não,Sim,Não
Salvador das Missões,2.988,"0,7894","178.468,44","16.965,50","18.015,47","66.041,70","77.445,77","65.277,41",Missões,Não,Não,Não,Não
Salvador do Sul,7.603,"0,7814","337.661,31","41.869,70","72.995,79","73.681,38","149.114,43","42.339,98",Vale do Caí,Não,Não,Não,Não
Sananduva,16.984,"0,8026","843.823,39","107.155,79","108.381,38","214.642,74","413.643,48","51.509,18",Nordeste,Não,Não,Não,Não
Santa Bárbara do Sul,8.429,"0,8121","1.336.027,46","117.786,35","52.270,47","703.242,06","462.728,59","171.000,57",Alto Jacuí,Não,Não,Não,Não
Santa Cecília do Sul,1.739,"0,8404","143.879,15","2.628,61","3.274,85","105.055,40","32.920,29","88.269,41",Nordeste,Não,Não,Não,Não
Santa Clara do Sul,7.056,"0,7921","339.105,39","33.560,11","141.858,96","40.526,83","123.159,49","50.200,65",Vale do Taquari,Não,Não,Não,Não
Santa Cruz do Sul,133.651,"0,7929","9.815.170,12","2.808.863,53","2.071.989,16","244.596,68","4.689.720,76","74.205,00",Vale do Rio Pardo,Não,Não,Não,Não
Santa Margarida do Sul,2.606,"0,7835","361.014,47","18.484,35","13.717,90","241.653,95","87.158,27","139.226,56",Fronteira Oeste,Não,Não,Não,Não
Santa Maria,282.493,"0,7579","9.562.027,15","1.095.530,14","1.097.557,09","390.982,20","6.977.957,72","33.532,26",Central,Não,Não,Não,Não
Santa Maria do Herval,6.666,"0,7712","279.407,65","21.734,69","67.732,87","83.767,08","106.173,01","43.780,58",Paranhana Encosta da Serra,Não,Não,Não,Não
Santana da Boa Vista,7.819,"0,7082","364.899,02","8.674,03","10.502,74","236.344,46","109.377,79","45.402,39",Sul,Não,Não,Não,Não
Santana do Livramento,78.211,"0,7282","2.823.912,94","197.976,51","455.491,88","639.519,19","1.530.925,36","37.330,14",Fronteira Oeste,Não,Sim,Não,Não
Santa Rosa,79.739,"0,7725","3.732.037,08","529.011,97","925.504,81","258.498,55","2.019.021,74","50.513,48",Fronteira Noroeste,Não,Não,Não,Não
Santa Tereza,1.749,"0,7524","49.850,41","2.608,97","3.582,14","19.685,10","23.974,20","28.949,13",Serra,Não,Não,Não,Não
Santa Vitória do Palmar,30.723,"0,7400","1.755.621,81","74.506,19","264.676,07","822.389,87","594.049,67","59.922,92",Sul,Não,Sim,Não,Sim
Santiago,49.464,"0,7758","2.021.443,56","213.401,66","107.700,36","425.748,69","1.274.592,85","41.004,58",Vale do Jaguari,Não,Não,Não,Não
Santo Ângelo,83.075,"0,7496","3.180.262,44","358.211,48","469.692,42","332.631,92","2.019.726,63","41.012,36",Missões,Não,Não,Não,Não
Santo Antônio da Patrulha,43.838,"0,7322","1.680.497,23","203.996,91","465.688,01","182.189,76","828.622,55","38.723,81",Metropolitano Delta do Jacuí,Não,Não,Não,Não
Santo Antônio das Missões,10.875,"0,7427","673.943,78","32.028,88","16.958,73","432.305,91","192.650,25","67.869,46",Missões,Não,Não,Não,Não
Santo Antônio do Palma,2.324,"0,8355","119.796,49","6.997,23","5.314,39","67.582,26","39.902,62","56.561,14",Produção,Não,Não,Não,Não
Santo Antônio do Planalto,2.170,"0,7806","189.468,48","13.304,73","21.845,52","97.950,30","56.367,93","93.889,23",Produção,Não,Não,Não,Não
Santo Augusto,15.076,"0,7907","848.436,17","78.377,56","56.337,89","335.207,03","378.513,68","61.423,02",Celeiro,Não,Não,Não,Não
Santo Cristo,15.293,"0,8006","784.067,74","114.707,21","74.578,58","229.302,88","365.479,07","55.305,62",Fronteira Noroeste,Não,Não,Não,Não
Santo Expedito do Sul,2.503,"0,7941","128.952,39","4.756,80","7.142,23","78.803,61","38.249,75","56.384,95",Nordeste,Não,Não,Não,Não
São Borja,59.235,"0,7393","2.570.754,82","221.218,90","274.239,86","795.875,04","1.279.421,02","43.012,23",Fronteira Oeste,Sim,Não,Sim,Não
São Domingos do Sul,3.111,"0,8122","123.435,18","7.184,11","23.318,03","46.576,64","46.356,39","39.933,74",Produção,Não,Não,Não,Não
São Francisco de Assis,17.521,"0,7570","804.119,36","31.708,34","23.417,23","437.723,41","311.270,37","44.473,17",Vale do Jaguari,Não,Não,Não,Não
São Francisco de Paula,20.954,"0,7029","1.026.512,94","64.088,85","92.412,47","475.150,94","394.860,68","46.934,89",Hortênsias,Não,Não,Não,Não
São Gabriel,60.918,"0,7203","2.723.182,62","193.677,44","225.012,77","1.040.024,38","1.264.468,03","43.790,22",Fronteira Oeste,Não,Não,Não,Não
São Jerônimo,22.706,"0,6992","667.010,32","52.551,12","83.038,93","102.922,10","428.498,17","27.148,45",Centro-Sul,Não,Não,Não,Não
São João da Urtiga,4.669,"0,7953","184.148,34","15.554,58","5.997,54","77.046,40","85.549,82","39.815,86",Nordeste,Não,Não,Não,Não
São João do Polêsine,2.828,"0,7744","104.816,74","9.429,58","10.294,71","22.130,63","62.961,83","41.347,83",Central,Não,Não,Não,Não
São Jorge,2.701,"0,7888","133.330,52","6.704,52","11.305,66","69.617,80","45.702,55","47.482,38",Serra,Não,Não,Não,Não
São José das Missões,2.651,"0,7298","93.350,22","4.095,32","2.842,36","43.978,05","42.434,49","37.475,00",Rio da Várzea,Não,Não,Não,Não
São José do Herval,2.095,"0,7018","59.112,01","3.527,07","1.774,13","21.944,98","31.865,83","30.835,69",Alto da Serra do Botucaraí,Não,Não,Não,Não
São José do Hortêncio,4.592,"0,7225","117.865,27","11.795,41","25.039,34","19.147,39","61.883,14","23.936,90",Vale do Caí,Não,Não,Não,Não
São José do Inhacorá,2.365,"0,8377","183.792,99","13.733,67","60.200,72","58.444,02","51.414,59","90.094,60",Fronteira Noroeste,Não,Não,Não,Não
São José do Norte,26.674,"0,6931","792.698,29","50.981,03","241.974,17","117.292,74","382.450,34","28.446,79",Sul,Não,Não,Não,Sim
São José do Ouro,7.045,"0,8002","463.016,53","46.261,59","24.718,84","164.757,32","227.278,78","66.997,04",Nordeste,Não,Não,Não,Não
São José dos Ausentes,3.719,"0,6894","155.631,17","5.923,56","13.518,62","73.182,02","63.006,96","43.728,90",Campos de Cima da Serra,Não,Não,Não,Não
São José do Sul,2.487,"0,7896","94.018,36","8.363,15","12.292,18","36.729,99","36.633,04","38.156,80",Vale do Caí,Não,Não,Não,Não
São Leopoldo,237.720,"0,7238","10.855.366,22","2.368.898,40","2.557.760,98","2.470,14","5.926.236,71","45.159,57",Vale do Rio dos Sinos,Não,Não,Não,Não
São Lourenço do Sul,42.397,"0,7238","1.701.062,80","119.215,84","111.238,08","654.873,03","815.735,86","39.103,99",Sul,Não,Não,Não,Não
São Luiz Gonzaga,36.593,"0,7487","1.903.777,00","193.775,14","188.429,95","561.192,51","960.379,39","57.474,25",Missões,Não,Não,Não,Não
São Marcos,21.922,"0,8191","1.145.389,47","191.265,12","409.877,95","48.242,02","496.004,38","52.647,06",Serra,Não,Não,Não,Não
São Martinho,6.129,"0,7959","354.028,32","30.447,22","27.835,85","144.527,30","151.217,95","66.347,14",Celeiro,Não,Não,Sim,Não
São Martinho da Serra,3.070,"0,7822","336.098,46","13.902,20","8.614,75","232.319,34","81.262,17","104.119,72",Central,Não,Não,Não,Não
São Miguel das Missões,7.372,"0,7699","867.927,58","38.153,67","25.771,13","564.984,07","239.018,71","112.835,10",Missões,Não,Não,Não,Não
São Nicolau,5.461,"0,7110","228.044,94","8.460,88","6.671,73","130.813,64","82.098,68","44.254,79",Missões,Sim,Não,Sim,Não
São Paulo das Missões,6.047,"0,7537","200.547,36","10.491,86","13.698,55","87.915,02","88.441,94","35.470,00",Missões,Não,Não,Não,Não
São Pedro da Serra,3.747,"0,7821","113.227,48","10.434,32","23.684,40","29.123,72","49.985,04","29.174,82",Vale do Caí,Não,Não,Não,Não
São Pedro das Missões,1.837,"0,7939","114.177,30","7.710,77","2.470,53","55.256,29","48.739,71","56.383,85",Rio da Várzea,Não,Não,Não,Não
São Pedro do Butiá,3.210,"0,7924","161.663,46","7.524,27","13.583,95","89.211,73","51.343,52","54.801,17",Missões,Não,Não,Não,Não
São Pedro do Sul,16.563,"0,7205","532.254,85","39.199,18","45.732,59","168.609,63","278.713,45","33.059,31",Central,Não,Não,Não,Não
São Sebastião do Caí,24.429,"0,7299","899.456,88","131.418,70","204.862,84","31.529,72","531.645,62","34.381,59",Vale do Caí,Não,Não,Não,Não
São Sepé,22.870,"0,7508","1.331.316,29","96.249,10","99.056,43","588.229,84","547.780,92","56.671,05",Jacuí Centro,Não,Não,Não,Não
São Valentim,3.447,"0,7927","135.539,67","9.270,78","11.896,27","52.067,14","62.305,49","42.093,07",Norte,Não,Não,Não,Não
São Valentim do Sul,2.496,"0,7977","95.575,28","5.515,68","18.640,33","37.286,26","34.133,01","42.515,69",Serra,Não,Não,Não,Não
São Valério do Sul,3.032,"0,6734","90.428,74","1.518,53","2.364,66","55.412,44","31.133,11","33.099,83",Celeiro,Não,Não,Não,Não
São Vendelino,2.436,"0,7892","95.747,09","13.519,62","33.258,90","8.265,05","40.703,52","41.847,50",Vale do Caí,Não,Não,Não,Não
São Vicente do Sul,7.971,"0,7966","730.552,78","49.280,53","217.461,49","278.835,87","184.974,90","83.568,15",Vale do Jaguari,Não,Não,Não,Não
Sapiranga,82.852,"0,7304","3.615.583,80","418.625,38","1.531.903,19","9.686,31","1.655.368,93","44.906,27",Vale do Rio dos Sinos,Não,Não,Não,Não
Sapucaia do Sul,148.018,"0,6928","4.204.060,03","554.126,61","1.366.829,16","6.544,98","2.276.559,28","29.500,52",Vale do Rio dos Sinos,Não,Não,Não,Não
Sarandi,24.808,"0,7941","1.299.134,19","183.738,33","213.643,66","171.575,23","730.176,98","51.915,53",Rio da Várzea,Não,Não,Sim,Não
Seberi,12.466,"0,7452","617.242,79","70.345,85","89.973,63","156.819,37","300.103,95","57.805,09",Médio Alto Uruguai,Não,Não,Não,Não
Sede Nova,3.114,"0,7541","157.533,99","10.147,51","6.573,11","82.626,99","58.186,39","54.794,43",Celeiro,Não,Não,Não,Não
Segredo,6.923,"0,6826","163.086,85","4.557,71","5.048,89","81.878,66","71.601,59","21.846,87",Vale do Rio Pardo,Não,Não,Não,Não
Selbach,5.216,"0,8271","375.172,96","42.083,31","39.413,27","152.709,71","140.966,66","73.361,94",Alto Jacuí,Não,Não,Não,Não
Senador Salgado Filho,2.824,"0,7358","149.058,40","6.768,47","4.532,80","88.835,58","48.921,55","53.987,11",Fronteira Noroeste,Não,Não,Não,Não
Sentinela do Sul,5.040,"0,6859","136.266,21","9.082,16","17.886,22","50.448,86","58.848,98","24.182,11",Centro-Sul,Não,Não,Não,Não
Serafina Corrêa,17.581,"0,7771","782.298,67","92.187,52","174.289,22","106.448,37","409.373,56","43.283,10",Serra,Não,Não,Sim,Não
Sério,2.123,"0,7340","59.570,86","2.734,44","2.617,76","30.779,54","23.439,12","31.535,66",Vale do Taquari,Não,Não,Não,Não
Sertão,6.196,"0,8548","534.501,11","20.854,54","29.203,04","350.091,92","134.351,60","102.394,85",Norte,Não,Não,Sim,Não
Sertão Santana,6.081,"0,7638","314.766,35","49.671,72","58.188,26","43.701,00","163.205,36","47.793,25",Centro-Sul,Não,Não,Não,Não
Sete de Setembro,2.167,"0,7412","105.650,73","2.812,13","3.978,23","66.907,10","31.953,26","54.712,96",Missões,Não,Não,Não,Não
Severiano de Almeida,3.804,"0,7980","149.412,45","7.641,22","7.538,85","71.165,06","63.067,33","41.422,91",Norte,Não,Não,Não,Não
Silveira Martins,2.361,"0,7791","86.629,94","4.095,63","4.195,35","39.602,37","38.736,59","36.630,00",Central,Não,Não,Não,Não
Sinimbu,9.492,"0,6889","213.479,66","10.829,96","9.102,68","76.341,43","117.205,59","21.028,34",Vale do Rio Pardo,Não,Não,Não,Não
Sobradinho,15.403,"0,7096","438.641,31","42.338,93","35.674,67","62.844,92","297.782,79","29.163,04",Vale do Rio Pardo,Não,Não,Não,Não
Soledade,30.881,"0,7516","1.405.190,99","139.651,46","186.754,17","383.179,93","695.605,43","45.230,98",Alto da Serra do Botucaraí,Não,Não,Sim,Não
Tabaí,4.936,"0,7774","142.085,26","6.700,06","8.287,95","67.974,61","59.122,64","29.502,75",Vale do Taquari,Não,Não,Não,Não
Tapejara,25.473,"0,8009","1.644.542,96","274.921,38","592.961,43","132.150,02","644.510,13","65.852,84",Nordeste,Não,Não,Sim,Não
Tapera,11.319,"0,7621","640.273,05","91.368,51","106.202,37","147.802,42","294.899,75","60.580,29",Alto Jacuí,Não,Não,Não,Não
Tapes,16.082,"0,6982","603.911,39","30.446,88","50.515,62","268.829,56","254.119,33","34.781,51",Centro-Sul,Não,Não,Não,Não
Taquara,58.402,"0,7186","1.568.871,70","160.975,10","295.705,25","31.086,83","1.081.104,52","27.171,31",Paranhana Encosta da Serra,Não,Não,Não,Não
Taquari,26.906,"0,7487","1.094.079,53","145.204,88","371.987,21","104.213,61","472.673,83","40.661,52",Vale do Taquari,Não,Não,Não,Não
Taquaruçu do Sul,3.380,"0,8129","188.856,60","20.877,28","7.460,32","67.474,05","93.044,95","61.297,18",Médio Alto Uruguai,Não,Não,Não,Não
Tavares,5.702,"0,6680","124.252,83","6.182,95","3.154,00","44.680,54","70.235,34","22.657,34",Sul,Não,Não,Não,Sim
Tenente Portela,14.610,"0,7356","579.212,66","48.396,77","37.446,86","134.995,93","358.373,10","43.273,27",Celeiro,Não,Não,Não,Não
Terra de Areia,11.908,"0,6811","291.337,78","33.546,04","21.542,99","20.329,31","215.919,45","25.729,73",Litoral,Não,Não,Não,Não
Teutônia,35.083,"0,8026","1.576.003,83","221.056,62","445.990,36","117.910,11","791.046,74","45.981,15",Vale do Taquari,Não,Não,Não,Não
Tio Hugo,3.199,"0,7829","174.782,55","16.555,49","14.830,09","65.148,73","78.248,23","56.784,45",Alto da Serra do Botucaraí,Não,Não,Não,Não
Tiradentes do Sul,5.952,"0,7474","196.241,39","14.625,68","6.524,16","87.340,31","87.751,22","35.473,86",Celeiro,Sim,Não,Não,Não
Toropi,2.818,"0,7431","101.332,72","5.614,46","2.255,39","45.506,27","47.956,59","36.808,11",Central,Não,Não,Não,Não
Torres,42.390,"0,7305","1.382.097,50","114.080,01","169.905,98","49.869,38","1.048.242,13","35.095,54",Litoral,Não,Não,Não,Sim
Tramandaí,53.036,"0,6381","1.234.543,52","98.252,33","113.567,12","16.772,65","1.005.951,42","23.072,56",Litoral,Não,Não,Não,Sim
Travesseiro,2.496,"0,7830","78.086,88","2.951,17","12.164,02","38.219,19","24.752,49","33.499,30",Vale do Taquari,Não,Não,Não,Não
Três Arroios,2.931,"0,8411","141.195,71","13.166,12","11.256,68","58.789,56","57.983,35","53.891,49",Norte,Não,Não,Sim,Não
Três Cachoeiras,11.466,"0,7312","308.567,68","37.790,18","27.495,41","29.246,46","214.035,63","27.614,79",Litoral,Não,Não,Não,Não
Três Coroas,26.643,"0,7110","805.144,95","93.229,83","290.944,78","11.290,74","409.679,60","27.813,49",Paranhana Encosta da Serra,Não,Não,Sim,Não
Três de Maio,27.040,"0,7993","1.353.670,90","187.974,93","179.925,85","218.441,64","767.328,48","56.767,21",Fronteira Noroeste,Não,Não,Sim,Não
Três Forquilhas,3.077,"0,7107","64.218,20","2.375,60","3.099,54","25.510,45","33.232,61","24.297,46",Litoral,Não,Não,Não,Não
Três Palmeiras,4.971,"0,7901","178.528,73","15.096,02","11.505,23","68.917,60","83.009,88","42.185,43",Rio da Várzea,Não,Não,Não,Não
Três Passos,27.047,"0,7566","1.033.028,29","106.538,56","164.113,56","165.137,73","597.238,43","43.406,37",Celeiro,Não,Não,Sim,Não
Trindade do Sul,6.370,"0,7590","351.368,92","33.249,28","86.868,04","107.355,75","123.895,85","60.779,96",Médio Alto Uruguai,Não,Não,Sim,Não
Triunfo,26.816,"0,7889","12.982.385,91","2.859.992,30","7.196.780,94","186.213,31","2.739.399,36","430.464,73",Metropolitano Delta do Jacuí,Não,Não,Não,Não
Tucunduva,5.955,"0,8057","259.330,11","21.145,76","10.975,57","91.247,85","135.960,92","46.209,93",Fronteira Noroeste,Não,Não,Sim,Não
Tunas,4.211,"0,7350","120.843,56","5.729,63","3.007,52","61.120,50","50.985,91","26.356,28",Vale do Rio Pardo,Não,Não,Não,Não
Tupanci do Sul,1.493,"0,8013","94.726,71","3.159,70","3.613,93","56.293,54","31.659,54","65.464,21",Nordeste,Não,Não,Não,Não
Tupanciretã,21.380,"0,7771","2.052.009,38","145.985,54","62.815,05","1.096.641,34","746.567,45","84.856,89",Central,Não,Não,Não,Não
Tupandi,5.263,"0,8018","533.591,91","62.632,07","294.613,09","60.507,33","115.839,43","106.314,39",Vale do Caí,Não,Não,Não,Não
Tuparendi,8.637,"0,7861","383.532,98","31.406,24","34.281,99","141.235,05","176.609,71","49.616,17",Fronteira Noroeste,Não,Não,Sim,Não
Turuçu,3.599,"0,6911","163.726,04","7.919,58","5.125,90","87.414,15","63.266,41","48.041,68",Sul,Não,Não,Não,Não
Ubiretama,2.171,"0,7782","110.731,54","3.864,91","1.771,38","69.554,07","35.541,19","56.727,23",Missões,Não,Não,Não,Não
União da Serra,1.402,"0,8374","91.173,08","2.320,79","2.766,25","62.755,02","23.331,01","84.108,00",Serra,Não,Não,Não,Não
Unistalda,2.244,"0,7494","149.066,20","3.223,11","3.867,20","101.856,03","40.119,86","64.642,76",Vale do Jaguari,Não,Não,Não,Não
Uruguaiana,117.297,"0,6936","3.717.090,65","300.481,14","310.419,06","927.382,45","2.178.808,00","29.322,46",Fronteira Oeste,Sim,Não,Sim,Não
Vacaria,67.543,"0,7178","3.245.665,50","349.600,65","326.464,34","882.933,95","1.686.666,57","48.503,58",Campos de Cima da Serra,Não,Não,Sim,Não
Vale do Sol,10.982,"0,6369","272.711,90","14.364,71","12.127,02","111.974,67","134.245,49","22.969,08",Vale do Rio Pardo,Não,Não,Não,Não
Vale Real,6.111,"0,7535","198.292,65","21.139,43","60.633,69","28.472,43","88.047,10","32.797,33",Vale do Caí,Não,Não,Não,Não
Vale Verde,3.367,"0,6615","130.451,63","5.890,57","8.980,76","66.470,42","49.109,88","36.944,67",Vale do Rio Pardo,Não,Não,Não,Não
Vanini,2.141,"0,7957","94.775,50","3.023,83","4.063,24","50.984,03","36.704,40","44.495,54",Produção,Não,Não,Sim,Não
Venâncio Aires,70.904,"0,7762","3.732.029,84","557.870,23","1.116.190,04","279.545,63","1.778.423,93","51.566,60",Vale do Rio Pardo,Não,Não,Não,Não
Vera Cruz,26.639,"0,7371","826.715,83","117.609,45","126.283,55","78.996,21","503.826,61","30.254,93",Vale do Rio Pardo,Não,Não,Sim,Não
Veranópolis,25.800,"0,8453","1.738.701,72","295.967,23","702.405,59","63.959,13","676.369,76","64.845,47",Serra,Não,Não,Sim,Não
Vespasiano Correa,1.970,"0,8021","119.438,83","6.385,60","5.844,32","72.325,65","34.883,26","67.251,60",Vale do Taquari,Não,Não,Não,Não
Viadutos,5.052,"0,7756","204.580,51","8.054,71","10.095,62","108.403,78","78.026,40","44.204,95",Norte,Não,Não,Não,Não
Viamão,235.638,"0,6661","4.335.050,25","382.021,07","682.027,19","239.232,64","3.031.769,35","16.846,27",Metropolitano Delta do Jacuí,Não,Não,Sim,Não
Vicente Dutra,5.087,"0,6707","126.513,45","3.020,89","4.233,18","67.359,13","51.900,25","27.927,91",Médio Alto Uruguai,Não,Não,Sim,Não
Victor Graeff,3.102,"0,8358","295.870,30","19.322,16","23.958,41","160.658,23","91.931,50","104.179,68",Alto da Serra do Botucaraí,Não,Não,Não,Não
Vila Flores,3.593,"0,7883","297.551,77","38.803,60","124.030,23","53.069,26","81.648,69","87.335,42",Serra,Não,Não,Não,Não
Vila Lângaro,2.130,"0,8257","168.931,39","10.096,32","11.928,51","96.346,63","50.559,93","81.609,37",Nordeste,Não,Não,Não,Não
Vila Maria,4.665,"0,8587","389.405,41","51.917,84","77.706,58","142.343,13","117.437,86","89.149,59",Produção,Não,Não,Não,Não
Vila Nova do Sul,4.117,"0,7370","195.941,27","9.807,63","22.737,60","97.359,59","66.036,43","45.844,94",Jacuí Centro,Não,Não,Não,Não
Vista Alegre,2.827,"0,8061","137.063,11","9.633,75","6.774,88","66.667,92","53.986,56","50.279,94",Médio Alto Uruguai,Não,Não,Não,Não
Vista Alegre do Prata,1.746,"0,8390","85.227,90","5.948,07","3.168,34","43.155,58","32.955,92","54.879,53",Serra,Não,Não,Não,Não
Vista Gaúcha,3.002,"0,7941","103.511,69","5.106,71","3.345,74","52.501,61","42.557,63","36.218,23",Celeiro,Não,Não,Não,Não
Vitória das Missões,3.405,"0,7549","159.526,95","11.693,91","6.333,15","90.826,46","50.673,43","52.269,64",Missões,Não,Não,Não,Não
Westfalia,3.257,"0,8172","264.838,60","34.752,35","81.691,57","70.246,62","78.148,07","86.946,36",,Não,Não,Não,Não
Xangri-lá,16.744,"0,7265","733.150,58","69.891,24","93.835,43","4.233,23","565.190,67","42.809,21",Litoral,Não,Não,Sim,Sim
